<?xml version="1.0" encoding="UTF-8" standalone="yes"?>
<styleSheet xmlns="http://schemas.openxmlformats.org/spreadsheetml/2006/main" xmlns:mc="http://schemas.openxmlformats.org/markup-compatibility/2006" mc:Ignorable="x14ac" xmlns:x14ac="http://schemas.microsoft.com/office/spreadsheetml/2009/9/ac">
  <numFmts count="1">
    <numFmt numFmtId="176" formatCode="yyyy\-mm\-dd"/>
  </numFmts>
  <fonts count="4" x14ac:knownFonts="1">
    <font>
      <sz val="11"/>
      <color indexed="8"/>
      <name val="Calibri"/>
    </font>
    <font>
      <b/>
      <sz val="11"/>
      <color indexed="10"/>
      <name val="Calibri"/>
    </font>
    <font>
      <sz val="9"/>
      <color indexed="8"/>
      <name val="Calibri"/>
    </font>
    <font>
      <sz val="9"/>
      <name val="宋体"/>
      <family val="3"/>
      <charset val="134"/>
    </font>
  </fonts>
  <fills count="5">
    <fill>
      <patternFill patternType="none"/>
    </fill>
    <fill>
      <patternFill patternType="gray125"/>
    </fill>
    <fill>
      <patternFill patternType="solid">
        <fgColor indexed="11"/>
        <bgColor indexed="8"/>
      </patternFill>
    </fill>
    <fill>
      <patternFill patternType="solid">
        <fgColor indexed="13"/>
        <bgColor indexed="8"/>
      </patternFill>
    </fill>
    <fill>
      <patternFill patternType="solid">
        <fgColor indexed="14"/>
        <bgColor indexed="8"/>
      </patternFill>
    </fill>
  </fills>
  <borders count="2">
    <border>
      <left/>
      <right/>
      <top/>
      <bottom/>
      <diagonal/>
    </border>
    <border>
      <left style="thin">
        <color indexed="12"/>
      </left>
      <right style="thin">
        <color indexed="12"/>
      </right>
      <top style="thin">
        <color indexed="12"/>
      </top>
      <bottom style="thin">
        <color indexed="12"/>
      </bottom>
      <diagonal/>
    </border>
  </borders>
  <cellStyleXfs count="1">
    <xf numFmtId="0" fontId="0" fillId="0" borderId="0" applyFill="0" applyProtection="0"/>
  </cellStyleXfs>
  <cellXfs count="8">
    <xf numFmtId="0" fontId="0" fillId="0" borderId="0" xfId="0" applyFill="1" applyProtection="1"/>
    <xf numFmtId="0" fontId="1" fillId="2" borderId="1" xfId="0" applyFont="1" applyFill="1" applyBorder="1" applyAlignment="1" applyProtection="1">
      <alignment horizontal="center"/>
    </xf>
    <xf numFmtId="0" fontId="2" fillId="3" borderId="1" xfId="0" applyFont="1" applyFill="1" applyBorder="1" applyAlignment="1" applyProtection="1">
      <alignment vertical="center" wrapText="1"/>
    </xf>
    <xf numFmtId="0" fontId="2" fillId="3" borderId="1" xfId="0" applyFont="1" applyFill="1" applyBorder="1" applyAlignment="1" applyProtection="1">
      <alignment horizontal="center" vertical="center"/>
    </xf>
    <xf numFmtId="49" fontId="2" fillId="3" borderId="1" xfId="0" applyNumberFormat="1" applyFont="1" applyFill="1" applyBorder="1" applyAlignment="1" applyProtection="1">
      <alignment vertical="center" wrapText="1"/>
    </xf>
    <xf numFmtId="0" fontId="2" fillId="4" borderId="1" xfId="0" applyFont="1" applyFill="1" applyBorder="1" applyAlignment="1" applyProtection="1">
      <alignment vertical="center" wrapText="1"/>
    </xf>
    <xf numFmtId="0" fontId="2" fillId="4" borderId="1" xfId="0" applyFont="1" applyFill="1" applyBorder="1" applyAlignment="1" applyProtection="1">
      <alignment horizontal="center" vertical="center"/>
    </xf>
    <xf numFmtId="49" fontId="2" fillId="4" borderId="1" xfId="0" applyNumberFormat="1" applyFont="1" applyFill="1" applyBorder="1" applyAlignment="1" applyProtection="1">
      <alignment vertical="center" wrapText="1"/>
    </xf>
  </cellXfs>
  <cellStyles count="1">
    <cellStyle name="常规" xfId="0" builtinId="0"/>
  </cellStyles>
  <dxfs count="0"/>
  <tableStyles count="0" defaultTableStyle="TableStyleMedium9" defaultPivotStyle="PivotStyleLight16"/>
  <colors>
    <indexedColors>
      <rgbColor rgb="00000000"/>
      <rgbColor rgb="00FFFFFF"/>
      <rgbColor rgb="00FF0000"/>
      <rgbColor rgb="0000FF00"/>
      <rgbColor rgb="000000FF"/>
      <rgbColor rgb="00FFFF00"/>
      <rgbColor rgb="00FF00FF"/>
      <rgbColor rgb="0000FFFF"/>
      <rgbColor rgb="00000000"/>
      <rgbColor rgb="00FFFFFF"/>
      <rgbColor rgb="00FFFFFF"/>
      <rgbColor rgb="00343399"/>
      <rgbColor rgb="00808080"/>
      <rgbColor rgb="00B2D7EA"/>
      <rgbColor rgb="00DEE6FB"/>
      <rgbColor rgb="0000FFFF"/>
      <rgbColor rgb="00800000"/>
      <rgbColor rgb="00008000"/>
      <rgbColor rgb="00000080"/>
      <rgbColor rgb="00808000"/>
      <rgbColor rgb="00800080"/>
      <rgbColor rgb="00008080"/>
      <rgbColor rgb="00C0C0C0"/>
      <rgbColor rgb="00808080"/>
      <rgbColor rgb="009999FF"/>
      <rgbColor rgb="00993366"/>
      <rgbColor rgb="00FFFFCC"/>
      <rgbColor rgb="00CCFFFF"/>
      <rgbColor rgb="00660066"/>
      <rgbColor rgb="00FF8080"/>
      <rgbColor rgb="000066CC"/>
      <rgbColor rgb="00CCCCFF"/>
      <rgbColor rgb="00000080"/>
      <rgbColor rgb="00FF00FF"/>
      <rgbColor rgb="00FFFF00"/>
      <rgbColor rgb="0000FFFF"/>
      <rgbColor rgb="00800080"/>
      <rgbColor rgb="00800000"/>
      <rgbColor rgb="00008080"/>
      <rgbColor rgb="000000FF"/>
      <rgbColor rgb="0000CCFF"/>
      <rgbColor rgb="00CCFFFF"/>
      <rgbColor rgb="00CCFFCC"/>
      <rgbColor rgb="00FFFF99"/>
      <rgbColor rgb="0099CCFF"/>
      <rgbColor rgb="00FF99CC"/>
      <rgbColor rgb="00CC99FF"/>
      <rgbColor rgb="00FFCC99"/>
      <rgbColor rgb="003366FF"/>
      <rgbColor rgb="0033CCCC"/>
      <rgbColor rgb="0099CC00"/>
      <rgbColor rgb="00FFCC00"/>
      <rgbColor rgb="00FF9900"/>
      <rgbColor rgb="00FF6600"/>
      <rgbColor rgb="00666699"/>
      <rgbColor rgb="00969696"/>
      <rgbColor rgb="00003366"/>
      <rgbColor rgb="00339966"/>
      <rgbColor rgb="00003300"/>
      <rgbColor rgb="00333300"/>
      <rgbColor rgb="00993300"/>
      <rgbColor rgb="00993366"/>
      <rgbColor rgb="00333399"/>
      <rgbColor rgb="00333333"/>
    </indexedColors>
  </colors>
</styleSheet>
