<?xml version="1.0" encoding="UTF-8" standalone="yes"?>
<w:styles xmlns:mc="http://schemas.openxmlformats.org/markup-compatibility/2006" xmlns:o="urn:schemas-microsoft-com:office:office" xmlns:r="http://schemas.openxmlformats.org/officeDocument/2006/relationships" xmlns:m="http://schemas.openxmlformats.org/officeDocument/2006/math" xmlns:v="urn:schemas-microsoft-com:vml" xmlns:w="http://schemas.openxmlformats.org/wordprocessingml/2006/main" xmlns:w14="http://schemas.microsoft.com/office/word/2010/wordml" xmlns:w10="urn:schemas-microsoft-com:office:word" xmlns:sl="http://schemas.openxmlformats.org/schemaLibrary/2006/main" mc:Ignorable="w14"><w:docDefaults><w:rPrDefault><w:rPr><w:rFonts w:ascii="Times New Roman" w:hAnsi="Times New Roman" w:eastAsia="宋体" w:cs="Times New Roman"/><w:lang w:val="en-US" w:eastAsia="zh-CN" w:bidi="ar-SA"/></w:rPr></w:rPrDefault></w:docDefaults><w:latentStyles w:count="260" w:defQFormat="0" w:defUnhideWhenUsed="1" w:defSemiHidden="1" w:defUIPriority="99" w:defLockedState="0"><w:lsdException w:unhideWhenUsed="0" w:uiPriority="0" w:semiHidden="0" w:name="Normal"/><w:lsdException w:unhideWhenUsed="0" w:uiPriority="0" w:semiHidden="0" w:name="heading 1"/><w:lsdException w:qFormat="1" w:unhideWhenUsed="0" w:uiPriority="0" w:semiHidden="0" w:name="heading 2"/><w:lsdException w:qFormat="1" w:unhideWhenUsed="0" w:uiPriority="0" w:semiHidden="0" w:name="heading 3"/><w:lsdException w:uiPriority="99" w:name="heading 4"/><w:lsdException w:uiPriority="99" w:name="heading 5"/><w:lsdException w:uiPriority="99" w:name="heading 6"/><w:lsdException w:uiPriority="99" w:name="heading 7"/><w:lsdException w:uiPriority="99" w:name="heading 8"/><w:lsdException w:uiPriority="99" w:name="heading 9"/><w:lsdException w:uiPriority="99" w:name="index 1"/><w:lsdException w:uiPriority="99" w:name="index 2"/><w:lsdException w:uiPriority="99" w:name="index 3"/><w:lsdException w:uiPriority="99" w:name="index 4"/><w:lsdException w:uiPriority="99" w:name="index 5"/><w:lsdException w:uiPriority="99" w:name="index 6"/><w:lsdException w:uiPriority="99" w:name="index 7"/><w:lsdException w:uiPriority="99" w:name="index 8"/><w:lsdException w:uiPriority="99" w:name="index 9"/><w:lsdException w:uiPriority="99" w:name="toc 1"/><w:lsdException w:uiPriority="99" w:name="toc 2"/><w:lsdException w:uiPriority="99" w:name="toc 3"/><w:lsdException w:uiPriority="99" w:name="toc 4"/><w:lsdException w:uiPriority="99" w:name="toc 5"/><w:lsdException w:uiPriority="99" w:name="toc 6"/><w:lsdException w:uiPriority="99" w:name="toc 7"/><w:lsdException w:uiPriority="99" w:name="toc 8"/><w:lsdException w:uiPriority="99" w:name="toc 9"/><w:lsdException w:uiPriority="99" w:name="Normal Indent"/><w:lsdException w:uiPriority="99" w:name="footnote text"/><w:lsdException w:uiPriority="99" w:name="annotation text"/><w:lsdException w:unhideWhenUsed="0" w:uiPriority="0" w:semiHidden="0" w:name="header"/><w:lsdException w:unhideWhenUsed="0" w:uiPriority="0" w:semiHidden="0" w:name="footer"/><w:lsdException w:uiPriority="99" w:name="index heading"/><w:lsdException w:uiPriority="99" w:name="caption"/><w:lsdException w:uiPriority="99" w:name="table of figures"/><w:lsdException w:uiPriority="99" w:name="envelope address"/><w:lsdException w:uiPriority="99" w:name="envelope return"/><w:lsdException w:uiPriority="99" w:name="footnote reference"/><w:lsdException w:uiPriority="99" w:name="annotation reference"/><w:lsdException w:uiPriority="99" w:name="line number"/><w:lsdException w:uiPriority="99" w:name="page number"/><w:lsdException w:uiPriority="99" w:name="endnote reference"/><w:lsdException w:uiPriority="99" w:name="endnote text"/><w:lsdException w:uiPriority="99" w:name="table of authorities"/><w:lsdException w:uiPriority="99" w:name="macro"/><w:lsdException w:uiPriority="99" w:name="toa heading"/><w:lsdException w:uiPriority="99" w:name="List"/><w:lsdException w:uiPriority="99" w:name="List Bullet"/><w:lsdException w:uiPriority="99" w:name="List Number"/><w:lsdException w:uiPriority="99" w:name="List 2"/><w:lsdException w:uiPriority="99" w:name="List 3"/><w:lsdException w:uiPriority="99" w:name="List 4"/><w:lsdException w:uiPriority="99" w:name="List 5"/><w:lsdException w:uiPriority="99" w:name="List Bullet 2"/><w:lsdException w:uiPriority="99" w:name="List Bullet 3"/><w:lsdException w:uiPriority="99" w:name="List Bullet 4"/><w:lsdException w:uiPriority="99" w:name="List Bullet 5"/><w:lsdException w:uiPriority="99" w:name="List Number 2"/><w:lsdException w:uiPriority="99" w:name="List Number 3"/><w:lsdException w:uiPriority="99" w:name="List Number 4"/><w:lsdException w:uiPriority="99" w:name="List Number 5"/><w:lsdException w:uiPriority="99" w:name="Title"/><w:lsdException w:uiPriority="99" w:name="Closing"/><w:lsdException w:uiPriority="99" w:name="Signature"/><w:lsdException w:qFormat="1" w:unhideWhenUsed="0" w:uiPriority="0" w:semiHidden="0" w:name="Default Paragraph Font"/><w:lsdException w:uiPriority="99" w:name="Body Text"/><w:lsdException w:uiPriority="99" w:name="Body Text Indent"/><w:lsdException w:uiPriority="99" w:name="List Continue"/><w:lsdException w:uiPriority="99" w:name="List Continue 2"/><w:lsdException w:uiPriority="99" w:name="List Continue 3"/><w:lsdException w:uiPriority="99" w:name="List Continue 4"/><w:lsdException w:uiPriority="99" w:name="List Continue 5"/><w:lsdException w:uiPriority="99" w:name="Message Header"/><w:lsdException w:uiPriority="99" w:name="Subtitle"/><w:lsdException w:uiPriority="99" w:name="Salutation"/><w:lsdException w:uiPriority="99" w:name="Date"/><w:lsdException w:uiPriority="99" w:name="Body Text First Indent"/><w:lsdException w:uiPriority="99" w:name="Body Text First Indent 2"/><w:lsdException w:uiPriority="99" w:name="Note Heading"/><w:lsdException w:uiPriority="99" w:name="Body Text 2"/><w:lsdException w:uiPriority="99" w:name="Body Text 3"/><w:lsdException w:uiPriority="99" w:name="Body Text Indent 2"/><w:lsdException w:uiPriority="99" w:name="Body Text Indent 3"/><w:lsdException w:uiPriority="99" w:name="Block Text"/><w:lsdException w:unhideWhenUsed="0" w:uiPriority="0" w:semiHidden="0" w:name="Hyperlink"/><w:lsdException w:qFormat="1" w:uiPriority="99" w:semiHidden="0" w:name="FollowedHyperlink"/><w:lsdException w:uiPriority="99" w:name="Strong"/><w:lsdException w:uiPriority="99" w:name="Emphasis"/><w:lsdException w:uiPriority="99" w:name="Document Map"/><w:lsdException w:uiPriority="99" w:name="Plain Text"/><w:lsdException w:uiPriority="99" w:name="E-mail Signature"/><w:lsdException w:uiPriority="99" w:name="Normal (Web)"/><w:lsdException w:uiPriority="99" w:name="HTML Acronym"/><w:lsdException w:uiPriority="99" w:name="HTML Address"/><w:lsdException w:uiPriority="99" w:name="HTML Cite"/><w:lsdException w:uiPriority="99" w:name="HTML Code"/><w:lsdException w:uiPriority="99" w:name="HTML Definition"/><w:lsdException w:uiPriority="99" w:name="HTML Keyboard"/><w:lsdException w:uiPriority="99" w:name="HTML Preformatted"/><w:lsdException w:uiPriority="99" w:name="HTML Sample"/><w:lsdException w:uiPriority="99" w:name="HTML Typewriter"/><w:lsdException w:uiPriority="99" w:name="HTML Variable"/><w:lsdException w:qFormat="1" w:uiPriority="99" w:semiHidden="0" w:name="Normal Table"/><w:lsdException w:uiPriority="99" w:name="annotation subject"/><w:lsdException w:uiPriority="99" w:name="Table Simple 1"/><w:lsdException w:uiPriority="99" w:name="Table Simple 2"/><w:lsdException w:uiPriority="99" w:name="Table Simple 3"/><w:lsdException w:uiPriority="99" w:name="Table Classic 1"/><w:lsdException w:uiPriority="99" w:name="Table Classic 2"/><w:lsdException w:uiPriority="99" w:name="Table Classic 3"/><w:lsdException w:uiPriority="99" w:name="Table Classic 4"/><w:lsdException w:uiPriority="99" w:name="Table Colorful 1"/><w:lsdException w:uiPriority="99" w:name="Table Colorful 2"/><w:lsdException w:uiPriority="99" w:name="Table Colorful 3"/><w:lsdException w:uiPriority="99" w:name="Table Columns 1"/><w:lsdException w:uiPriority="99" w:name="Table Columns 2"/><w:lsdException w:uiPriority="99" w:name="Table Columns 3"/><w:lsdException w:uiPriority="99" w:name="Table Columns 4"/><w:lsdException w:uiPriority="99" w:name="Table Columns 5"/><w:lsdException w:uiPriority="99" w:name="Table Grid 1"/><w:lsdException w:uiPriority="99" w:name="Table Grid 2"/><w:lsdException w:uiPriority="99" w:name="Table Grid 3"/><w:lsdException w:uiPriority="99" w:name="Table Grid 4"/><w:lsdException w:uiPriority="99" w:name="Table Grid 5"/><w:lsdException w:uiPriority="99" w:name="Table Grid 6"/><w:lsdException w:uiPriority="99" w:name="Table Grid 7"/><w:lsdException w:uiPriority="99" w:name="Table Grid 8"/><w:lsdException w:uiPriority="99" w:name="Table List 1"/><w:lsdException w:uiPriority="99" w:name="Table List 2"/><w:lsdException w:uiPriority="99" w:name="Table List 3"/><w:lsdException w:uiPriority="99" w:name="Table List 4"/><w:lsdException w:uiPriority="99" w:name="Table List 5"/><w:lsdException w:uiPriority="99" w:name="Table List 6"/><w:lsdException w:uiPriority="99" w:name="Table List 7"/><w:lsdException w:uiPriority="99" w:name="Table List 8"/><w:lsdException w:uiPriority="99" w:name="Table 3D effects 1"/><w:lsdException w:uiPriority="99" w:name="Table 3D effects 2"/><w:lsdException w:uiPriority="99" w:name="Table 3D effects 3"/><w:lsdException w:uiPriority="99" w:name="Table Contemporary"/><w:lsdException w:uiPriority="99" w:name="Table Elegant"/><w:lsdException w:uiPriority="99" w:name="Table Professional"/><w:lsdException w:uiPriority="99" w:name="Table Subtle 1"/><w:lsdException w:uiPriority="99" w:name="Table Subtle 2"/><w:lsdException w:uiPriority="99" w:name="Table Web 1"/><w:lsdException w:uiPriority="99" w:name="Table Web 2"/><w:lsdException w:uiPriority="99" w:name="Table Web 3"/><w:lsdException w:uiPriority="99" w:name="Balloon Text"/><w:lsdException w:uiPriority="99" w:name="Table Grid"/><w:lsdException w:uiPriority="99" w:name="Table Theme"/><w:lsdException w:unhideWhenUsed="0" w:uiPriority="60" w:semiHidden="0" w:name="Light Shading"/><w:lsdException w:unhideWhenUsed="0" w:uiPriority="61" w:semiHidden="0" w:name="Light List"/><w:lsdException w:unhideWhenUsed="0" w:uiPriority="62" w:semiHidden="0" w:name="Light Grid"/><w:lsdException w:unhideWhenUsed="0" w:uiPriority="63" w:semiHidden="0" w:name="Medium Shading 1"/><w:lsdException w:unhideWhenUsed="0" w:uiPriority="64" w:semiHidden="0" w:name="Medium Shading 2"/><w:lsdException w:unhideWhenUsed="0" w:uiPriority="65" w:semiHidden="0" w:name="Medium List 1"/><w:lsdException w:unhideWhenUsed="0" w:uiPriority="66" w:semiHidden="0" w:name="Medium List 2"/><w:lsdException w:unhideWhenUsed="0" w:uiPriority="67" w:semiHidden="0" w:name="Medium Grid 1"/><w:lsdException w:unhideWhenUsed="0" w:uiPriority="68" w:semiHidden="0" w:name="Medium Grid 2"/><w:lsdException w:unhideWhenUsed="0" w:uiPriority="69" w:semiHidden="0" w:name="Medium Grid 3"/><w:lsdException w:unhideWhenUsed="0" w:uiPriority="70" w:semiHidden="0" w:name="Dark List"/><w:lsdException w:unhideWhenUsed="0" w:uiPriority="71" w:semiHidden="0" w:name="Colorful Shading"/><w:lsdException w:unhideWhenUsed="0" w:uiPriority="72" w:semiHidden="0" w:name="Colorful List"/><w:lsdException w:unhideWhenUsed="0" w:uiPriority="73" w:semiHidden="0" w:name="Colorful Grid"/><w:lsdException w:unhideWhenUsed="0" w:uiPriority="60" w:semiHidden="0" w:name="Light Shading Accent 1"/><w:lsdException w:unhideWhenUsed="0" w:uiPriority="61" w:semiHidden="0" w:name="Light List Accent 1"/><w:lsdException w:unhideWhenUsed="0" w:uiPriority="62" w:semiHidden="0" w:name="Light Grid Accent 1"/><w:lsdException w:unhideWhenUsed="0" w:uiPriority="63" w:semiHidden="0" w:name="Medium Shading 1 Accent 1"/><w:lsdException w:unhideWhenUsed="0" w:uiPriority="64" w:semiHidden="0" w:name="Medium Shading 2 Accent 1"/><w:lsdException w:unhideWhenUsed="0" w:uiPriority="65" w:semiHidden="0" w:name="Medium List 1 Accent 1"/><w:lsdException w:unhideWhenUsed="0" w:uiPriority="66" w:semiHidden="0" w:name="Medium List 2 Accent 1"/><w:lsdException w:unhideWhenUsed="0" w:uiPriority="67" w:semiHidden="0" w:name="Medium Grid 1 Accent 1"/><w:lsdException w:unhideWhenUsed="0" w:uiPriority="68" w:semiHidden="0" w:name="Medium Grid 2 Accent 1"/><w:lsdException w:unhideWhenUsed="0" w:uiPriority="69" w:semiHidden="0" w:name="Medium Grid 3 Accent 1"/><w:lsdException w:unhideWhenUsed="0" w:uiPriority="70" w:semiHidden="0" w:name="Dark List Accent 1"/><w:lsdException w:unhideWhenUsed="0" w:uiPriority="71" w:semiHidden="0" w:name="Colorful Shading Accent 1"/><w:lsdException w:unhideWhenUsed="0" w:uiPriority="72" w:semiHidden="0" w:name="Colorful List Accent 1"/><w:lsdException w:unhideWhenUsed="0" w:uiPriority="73" w:semiHidden="0" w:name="Colorful Grid Accent 1"/><w:lsdException w:unhideWhenUsed="0" w:uiPriority="60" w:semiHidden="0" w:name="Light Shading Accent 2"/><w:lsdException w:unhideWhenUsed="0" w:uiPriority="61" w:semiHidden="0" w:name="Light List Accent 2"/><w:lsdException w:unhideWhenUsed="0" w:uiPriority="62" w:semiHidden="0" w:name="Light Grid Accent 2"/><w:lsdException w:unhideWhenUsed="0" w:uiPriority="63" w:semiHidden="0" w:name="Medium Shading 1 Accent 2"/><w:lsdException w:unhideWhenUsed="0" w:uiPriority="64" w:semiHidden="0" w:name="Medium Shading 2 Accent 2"/><w:lsdException w:unhideWhenUsed="0" w:uiPriority="65" w:semiHidden="0" w:name="Medium List 1 Accent 2"/><w:lsdException w:unhideWhenUsed="0" w:uiPriority="66" w:semiHidden="0" w:name="Medium List 2 Accent 2"/><w:lsdException w:unhideWhenUsed="0" w:uiPriority="67" w:semiHidden="0" w:name="Medium Grid 1 Accent 2"/><w:lsdException w:unhideWhenUsed="0" w:uiPriority="68" w:semiHidden="0" w:name="Medium Grid 2 Accent 2"/><w:lsdException w:unhideWhenUsed="0" w:uiPriority="69" w:semiHidden="0" w:name="Medium Grid 3 Accent 2"/><w:lsdException w:unhideWhenUsed="0" w:uiPriority="70" w:semiHidden="0" w:name="Dark List Accent 2"/><w:lsdException w:unhideWhenUsed="0" w:uiPriority="71" w:semiHidden="0" w:name="Colorful Shading Accent 2"/><w:lsdException w:unhideWhenUsed="0" w:uiPriority="72" w:semiHidden="0" w:name="Colorful List Accent 2"/><w:lsdException w:unhideWhenUsed="0" w:uiPriority="73" w:semiHidden="0" w:name="Colorful Grid Accent 2"/><w:lsdException w:unhideWhenUsed="0" w:uiPriority="60" w:semiHidden="0" w:name="Light Shading Accent 3"/><w:lsdException w:unhideWhenUsed="0" w:uiPriority="61" w:semiHidden="0" w:name="Light List Accent 3"/><w:lsdException w:unhideWhenUsed="0" w:uiPriority="62" w:semiHidden="0" w:name="Light Grid Accent 3"/><w:lsdException w:unhideWhenUsed="0" w:uiPriority="63" w:semiHidden="0" w:name="Medium Shading 1 Accent 3"/><w:lsdException w:unhideWhenUsed="0" w:uiPriority="64" w:semiHidden="0" w:name="Medium Shading 2 Accent 3"/><w:lsdException w:unhideWhenUsed="0" w:uiPriority="65" w:semiHidden="0" w:name="Medium List 1 Accent 3"/><w:lsdException w:unhideWhenUsed="0" w:uiPriority="66" w:semiHidden="0" w:name="Medium List 2 Accent 3"/><w:lsdException w:unhideWhenUsed="0" w:uiPriority="67" w:semiHidden="0" w:name="Medium Grid 1 Accent 3"/><w:lsdException w:unhideWhenUsed="0" w:uiPriority="68" w:semiHidden="0" w:name="Medium Grid 2 Accent 3"/><w:lsdException w:unhideWhenUsed="0" w:uiPriority="69" w:semiHidden="0" w:name="Medium Grid 3 Accent 3"/><w:lsdException w:unhideWhenUsed="0" w:uiPriority="70" w:semiHidden="0" w:name="Dark List Accent 3"/><w:lsdException w:unhideWhenUsed="0" w:uiPriority="71" w:semiHidden="0" w:name="Colorful Shading Accent 3"/><w:lsdException w:unhideWhenUsed="0" w:uiPriority="72" w:semiHidden="0" w:name="Colorful List Accent 3"/><w:lsdException w:unhideWhenUsed="0" w:uiPriority="73" w:semiHidden="0" w:name="Colorful Grid Accent 3"/><w:lsdException w:unhideWhenUsed="0" w:uiPriority="60" w:semiHidden="0" w:name="Light Shading Accent 4"/><w:lsdException w:unhideWhenUsed="0" w:uiPriority="61" w:semiHidden="0" w:name="Light List Accent 4"/><w:lsdException w:unhideWhenUsed="0" w:uiPriority="62" w:semiHidden="0" w:name="Light Grid Accent 4"/><w:lsdException w:unhideWhenUsed="0" w:uiPriority="63" w:semiHidden="0" w:name="Medium Shading 1 Accent 4"/><w:lsdException w:unhideWhenUsed="0" w:uiPriority="64" w:semiHidden="0" w:name="Medium Shading 2 Accent 4"/><w:lsdException w:unhideWhenUsed="0" w:uiPriority="65" w:semiHidden="0" w:name="Medium List 1 Accent 4"/><w:lsdException w:unhideWhenUsed="0" w:uiPriority="66" w:semiHidden="0" w:name="Medium List 2 Accent 4"/><w:lsdException w:unhideWhenUsed="0" w:uiPriority="67" w:semiHidden="0" w:name="Medium Grid 1 Accent 4"/><w:lsdException w:unhideWhenUsed="0" w:uiPriority="68" w:semiHidden="0" w:name="Medium Grid 2 Accent 4"/><w:lsdException w:unhideWhenUsed="0" w:uiPriority="69" w:semiHidden="0" w:name="Medium Grid 3 Accent 4"/><w:lsdException w:unhideWhenUsed="0" w:uiPriority="70" w:semiHidden="0" w:name="Dark List Accent 4"/><w:lsdException w:unhideWhenUsed="0" w:uiPriority="71" w:semiHidden="0" w:name="Colorful Shading Accent 4"/><w:lsdException w:unhideWhenUsed="0" w:uiPriority="72" w:semiHidden="0" w:name="Colorful List Accent 4"/><w:lsdException w:unhideWhenUsed="0" w:uiPriority="73" w:semiHidden="0" w:name="Colorful Grid Accent 4"/><w:lsdException w:unhideWhenUsed="0" w:uiPriority="60" w:semiHidden="0" w:name="Light Shading Accent 5"/><w:lsdException w:unhideWhenUsed="0" w:uiPriority="61" w:semiHidden="0" w:name="Light List Accent 5"/><w:lsdException w:unhideWhenUsed="0" w:uiPriority="62" w:semiHidden="0" w:name="Light Grid Accent 5"/><w:lsdException w:unhideWhenUsed="0" w:uiPriority="63" w:semiHidden="0" w:name="Medium Shading 1 Accent 5"/><w:lsdException w:unhideWhenUsed="0" w:uiPriority="64" w:semiHidden="0" w:name="Medium Shading 2 Accent 5"/><w:lsdException w:unhideWhenUsed="0" w:uiPriority="65" w:semiHidden="0" w:name="Medium List 1 Accent 5"/><w:lsdException w:unhideWhenUsed="0" w:uiPriority="66" w:semiHidden="0" w:name="Medium List 2 Accent 5"/><w:lsdException w:unhideWhenUsed="0" w:uiPriority="67" w:semiHidden="0" w:name="Medium Grid 1 Accent 5"/><w:lsdException w:unhideWhenUsed="0" w:uiPriority="68" w:semiHidden="0" w:name="Medium Grid 2 Accent 5"/><w:lsdException w:unhideWhenUsed="0" w:uiPriority="69" w:semiHidden="0" w:name="Medium Grid 3 Accent 5"/><w:lsdException w:unhideWhenUsed="0" w:uiPriority="70" w:semiHidden="0" w:name="Dark List Accent 5"/><w:lsdException w:unhideWhenUsed="0" w:uiPriority="71" w:semiHidden="0" w:name="Colorful Shading Accent 5"/><w:lsdException w:unhideWhenUsed="0" w:uiPriority="72" w:semiHidden="0" w:name="Colorful List Accent 5"/><w:lsdException w:unhideWhenUsed="0" w:uiPriority="73" w:semiHidden="0" w:name="Colorful Grid Accent 5"/><w:lsdException w:unhideWhenUsed="0" w:uiPriority="60" w:semiHidden="0" w:name="Light Shading Accent 6"/><w:lsdException w:unhideWhenUsed="0" w:uiPriority="61" w:semiHidden="0" w:name="Light List Accent 6"/><w:lsdException w:unhideWhenUsed="0" w:uiPriority="62" w:semiHidden="0" w:name="Light Grid Accent 6"/><w:lsdException w:unhideWhenUsed="0" w:uiPriority="63" w:semiHidden="0" w:name="Medium Shading 1 Accent 6"/><w:lsdException w:unhideWhenUsed="0" w:uiPriority="64" w:semiHidden="0" w:name="Medium Shading 2 Accent 6"/><w:lsdException w:unhideWhenUsed="0" w:uiPriority="65" w:semiHidden="0" w:name="Medium List 1 Accent 6"/><w:lsdException w:unhideWhenUsed="0" w:uiPriority="66" w:semiHidden="0" w:name="Medium List 2 Accent 6"/><w:lsdException w:unhideWhenUsed="0" w:uiPriority="67" w:semiHidden="0" w:name="Medium Grid 1 Accent 6"/><w:lsdException w:unhideWhenUsed="0" w:uiPriority="68" w:semiHidden="0" w:name="Medium Grid 2 Accent 6"/><w:lsdException w:unhideWhenUsed="0" w:uiPriority="69" w:semiHidden="0" w:name="Medium Grid 3 Accent 6"/><w:lsdException w:unhideWhenUsed="0" w:uiPriority="70" w:semiHidden="0" w:name="Dark List Accent 6"/><w:lsdException w:unhideWhenUsed="0" w:uiPriority="71" w:semiHidden="0" w:name="Colorful Shading Accent 6"/><w:lsdException w:unhideWhenUsed="0" w:uiPriority="72" w:semiHidden="0" w:name="Colorful List Accent 6"/><w:lsdException w:unhideWhenUsed="0" w:uiPriority="73" w:semiHidden="0" w:name="Colorful Grid Accent 6"/></w:latentStyles><w:style w:type="paragraph" w:default="1" w:styleId="1"><w:name w:val="Normal"/><w:uiPriority w:val="0"/><w:pPr><w:widowControl w:val="0"/><w:jc w:val="both"/></w:pPr><w:rPr><w:rFonts w:ascii="Arial" w:hAnsi="Arial" w:eastAsia="微软雅黑" w:cs="Times New Roman"/><w:color w:val="3F3F3F"/><w:kern w:val="2"/><w:sz w:val="21"/><w:lang w:val="en-US" w:eastAsia="zh-CN" w:bidi="ar-SA"/></w:rPr></w:style><w:style w:type="paragraph" w:styleId="2"><w:name w:val="heading 1"/><w:basedOn w:val="1"/><w:next w:val="1"/><w:uiPriority w:val="0"/><w:pPr><w:keepNext/><w:keepLines/><w:spacing w:beforeAutospacing="0" w:afterAutospacing="0" w:line="240" w:lineRule="auto"/><w:outlineLvl w:val="0"/></w:pPr><w:rPr><w:rFonts w:ascii="Arial" w:hAnsi="Arial"/><w:b/><w:color w:val="000000"/><w:kern w:val="44"/><w:sz w:val="32"/></w:rPr></w:style><w:style w:type="paragraph" w:styleId="3"><w:name w:val="heading 2"/><w:basedOn w:val="1"/><w:next w:val="1"/><w:qFormat/><w:uiPriority w:val="0"/><w:pPr><w:keepNext/><w:keepLines/><w:spacing w:beforeAutospacing="0" w:afterAutospacing="0" w:line="240" w:lineRule="auto"/><w:jc w:val="left"/><w:outlineLvl w:val="1"/></w:pPr><w:rPr><w:rFonts w:ascii="Arial" w:hAnsi="Arial"/><w:b/><w:color w:val="000000"/><w:sz w:val="28"/></w:rPr></w:style><w:style w:type="paragraph" w:styleId="4"><w:name w:val="heading 3"/><w:basedOn w:val="1"/><w:next w:val="1"/><w:qFormat/><w:uiPriority w:val="0"/><w:pPr><w:keepNext/><w:keepLines/><w:spacing w:before="260" w:beforeAutospacing="0" w:after="260" w:afterAutospacing="0" w:line="413" w:lineRule="auto"/><w:outlineLvl w:val="2"/></w:pPr><w:rPr><w:b/><w:sz w:val="32"/></w:rPr></w:style><w:style w:type="character" w:default="1" w:styleId="7"><w:name w:val="Default Paragraph Font"/><w:qFormat/><w:uiPriority w:val="0"/></w:style><w:style w:type="table" w:default="1" w:styleId="10"><w:name w:val="Normal Table"/><w:unhideWhenUsed/><w:qFormat/><w:uiPriority w:val="99"/><w:tblPr><w:tblStyle w:val="10"/><w:tblLayout w:type="fixed"/><w:tblCellMar><w:top w:w="0" w:type="dxa"/><w:left w:w="108" w:type="dxa"/><w:bottom w:w="0" w:type="dxa"/><w:right w:w="108" w:type="dxa"/></w:tblCellMar></w:tblPr><w:tcPr><w:textDirection w:val="lrTb"/></w:tcPr></w:style><w:style w:type="paragraph" w:styleId="5"><w:name w:val="footer"/><w:basedOn w:val="1"/><w:uiPriority w:val="0"/><w:pPr><w:tabs><w:tab w:val="center" w:pos="4153"/><w:tab w:val="right" w:pos="8306"/></w:tabs><w:snapToGrid w:val="0"/><w:jc w:val="left"/></w:pPr><w:rPr><w:sz w:val="18"/></w:rPr></w:style><w:style w:type="paragraph" w:styleId="6"><w:name w:val="header"/><w:basedOn w:val="1"/><w:uiPriority w:val="0"/><w:pPr><w:pBdr><w:top w:val="none" w:color="auto" w:sz="0" w:space="1"/><w:left w:val="none" w:color="auto" w:sz="0" w:space="4"/><w:bottom w:val="none" w:color="auto" w:sz="0" w:space="1"/><w:right w:val="none" w:color="auto" w:sz="0" w:space="4"/></w:pBdr><w:tabs><w:tab w:val="center" w:pos="4153"/><w:tab w:val="right" w:pos="8306"/></w:tabs><w:snapToGrid w:val="0"/><w:spacing w:line="240" w:lineRule="auto"/><w:jc w:val="both"/><w:outlineLvl w:val="9"/></w:pPr><w:rPr><w:rFonts w:ascii="Times New Roman" w:hAnsi="Times New Roman"/><w:sz w:val="18"/></w:rPr></w:style><w:style w:type="character" w:styleId="8"><w:name w:val="FollowedHyperlink"/><w:basedOn w:val="7"/><w:unhideWhenUsed/><w:qFormat/><w:uiPriority w:val="99"/><w:rPr><w:color w:val="800080"/><w:u w:val="single"/></w:rPr></w:style><w:style w:type="character" w:styleId="9"><w:name w:val="Hyperlink"/><w:basedOn w:val="7"/><w:uiPriority w:val="0"/><w:rPr><w:color w:val="0000FF"/><w:u w:val="single"/></w:rPr></w:style><w:style w:type="paragraph" w:customStyle="1" w:styleId="11"><w:name w:val="大标题"/><w:basedOn w:val="2"/><w:uiPriority w:val="0"/><w:pPr><w:spacing w:line="240" w:lineRule="auto"/><w:jc w:val="center"/></w:pPr><w:rPr><w:color w:val="000000"/><w:sz w:val="44"/></w:rPr></w:style></w:styles>
