<?xml version="1.0" encoding="UTF-8" standalone="yes"?>
<worksheet xmlns="http://schemas.openxmlformats.org/spreadsheetml/2006/main" xmlns:r="http://schemas.openxmlformats.org/officeDocument/2006/relationships" xmlns:mc="http://schemas.openxmlformats.org/markup-compatibility/2006" mc:Ignorable="x14ac" xmlns:x14ac="http://schemas.microsoft.com/office/spreadsheetml/2009/9/ac">
  <dimension ref="%area%"/>
  <sheetViews>
    <sheetView tabSelected="1" workbookViewId="0">
      %xSplit%
    </sheetView>
  </sheetViews>
  <sheetFormatPr defaultRowHeight="15"/>
  %cols%
  <sheetData>
    %sheetData%
  </sheetData>
  <sheetProtection formatCells="0" formatColumns="0" formatRows="0" insertColumns="0" insertRows="0" insertHyperlinks="0" deleteColumns="0" deleteRows="0" sort="0" autoFilter="0" pivotTables="0"/>
  %autoFilter%
  %mergeCells%
  <phoneticPr fontId="3" type="noConversion"/>
  %dataValidations%
  %hyperlinks%
  <pageMargins left="0.7" right="0.7" top="0.75" bottom="0.75" header="0.3" footer="0.3"/>
  <pageSetup orientation="portrait"/>
</worksheet>
