<?xml version="1.0" encoding="UTF-8" standalone="yes"?>
<worksheet xmlns="http://schemas.openxmlformats.org/spreadsheetml/2006/main" xmlns:r="http://schemas.openxmlformats.org/officeDocument/2006/relationships">
  <dimension ref="%s"/>
  <sheetViews>
    <sheetView workbookViewId="0"/>
  </sheetViews>
  <sheetFormatPr defaultRowHeight="15"/>
  <sheetData>
    %s
  </sheetData>
  <sheetProtection formatCells="0" formatColumns="0" formatRows="0" insertColumns="0" insertRows="0" insertHyperlinks="0" deleteColumns="0" deleteRows="0" sort="0" autoFilter="0" pivotTables="0"/>
  <phoneticPr fontId="3" type="noConversion"/><pageMargins left="0.7" right="0.7" top="0.75" bottom="0.75" header="0.3" footer="0.3"/>
  <pageSetup orientation="portrait"/><headerFooter alignWithMargins="0"/>
</worksheet>
